group_id,cell_type,training_count,log10_training_count,n_real,n_gen,centroid_cosine,frechet_distance,diversity_ratio,expr_pearson_r
68,Kidney proximal tubule cells,77,1.8864907251724818,77,100,0.7688666582107544,1.1821981922987943,1.1657873392105103,0.9999338388442993
67,Pericytes and mural cells,138,2.1398790864012365,138,100,0.8955007791519165,0.9761992936157347,1.095546007156372,0.9999778270721436
66,Myoepithelial and basal cells,242,2.383815365980431,242,100,0.9019686579704285,0.8761107168789766,1.0526587963104248,0.9999889731407166
65,Pituitary thyrotroph cells,295,2.469822015978163,295,100,0.9288837909698486,1.011731436016455,0.9722157716751099,0.9999599456787109
64,Ameloblasts,384,2.584331224367531,384,100,0.9110583662986755,1.1486210568693749,0.9417234063148499,0.9999642968177795
63,Mesenchymal stem and stromal cells (MSCs),394,2.595496221825574,394,100,0.9048857688903809,1.0315116737613559,,0.9999846816062927
62,Pituitary gonadotroph cells,396,2.597695185925512,396,100,0.9303374886512756,1.0873011651793207,0.9715214967727661,0.9999837875366211
61,Pancreatic delta cells,489,2.6893088591236203,489,100,0.8957348465919495,1.1235523900306155,0.9237257242202759,0.9999296069145203
60,Conventional dendritic cells,492,2.6919651027673606,492,100,0.9281350374221802,1.0146828726014432,0.9414231181144714,0.9999804496765137
59,Dorsal horn sensory neurons,656,2.8169038393756605,656,100,0.7460094094276428,1.107503045889232,0.8063274025917053,0.9999656081199646
58,Oligodendrocyte precursor cells (OPCs),669,2.8254261177678233,669,100,0.9557340741157532,0.8874075261454064,1.0094892978668213,0.9999878406524658
57,Lower motor neurons,673,2.828015064223977,673,100,0.9638293981552124,0.9112599707665922,0.9223068356513977,0.9999211430549622
56,Melanocytes,713,2.8530895298518657,713,100,0.931825578212738,1.0518999353450147,0.9764857292175293,0.9999709129333496
55,Neuroendocrine cells,727,2.8615344108590377,727,100,0.9245464205741882,1.0443217865672727,0.8622847199440002,0.9999584555625916
54,Mast cells,853,2.930949031167523,853,100,0.92298424243927,1.0213866267367386,0.8541844487190247,0.9999710917472839
53,Lymphatic endothelial cells,887,2.9479236198317262,887,100,0.9379585981369019,1.0354333748937186,0.9215081930160522,0.9999864101409912
52,Multiciliated epithelial cells,935,2.9708116108725178,935,100,0.966721773147583,0.9391249142998666,0.9103947877883911,0.9999893307685852
51,Megakaryocytes,967,2.9854264740830017,967,100,0.915176272392273,1.1432044476957888,0.964428722858429,0.9999790787696838
50,Intermediate neural progenitors (INPs),970,2.9867717342662448,970,100,0.9480822086334229,0.9586156251314502,0.9768679738044739,0.9999555945396423
49,Oligodendrocytes,1002,3.000867721531227,1002,100,0.9498991370201111,1.0424914092542745,0.9423054456710815,0.9999746680259705
48,Plasmacytoid dendritic cells (pDCs),1032,3.0136796972911926,1032,100,0.9533857703208923,1.016008844890307,0.9382144808769226,0.9999810457229614
47,Retinal ganglion cells,1074,3.0310042813635367,1074,100,0.8830581903457642,1.0587623969114155,0.8883460164070129,0.9999277591705322
46,Inhibitory GABAergic neurons,1149,3.060320028688285,1149,100,0.39407798647880554,1.238838455327981,0.9997142553329468,0.9999234676361084
45,Pluripotent stem cells (embryonic stem cells and induced pluripotent stem cells),1170,3.0681858617461617,1170,100,0.9415566921234131,1.0647761862936997,,0.9999447464942932
44,Spinal cord interneurons,1220,3.0863598306747484,1220,100,0.8069390654563904,1.1596363213868184,0.9355648159980774,0.9999285340309143
43,Club (Clara) secretory cells,1222,3.0870712059065353,1222,100,0.8933357000350952,1.0899921862072595,0.8803763389587402,0.9999562501907349
42,Basal epithelial cells,1228,3.089198366805149,1228,100,0.8940885066986084,1.0869666775216884,0.8708428740501404,0.999976634979248
41,Luminal epithelial cells,1235,3.0916669575956846,1235,100,0.9214144349098206,1.1102888325207751,0.9391916990280151,0.9999521970748901
40,Hippocampal dentate gyrus granule cells,1296,3.1126050015345745,1296,100,0.9135411977767944,1.0444660101984988,0.9393306374549866,0.9999210238456726
39,Alveolar type 1 (AT1) pneumocytes,1308,3.1166077439882485,1308,100,0.8727642893791199,1.1160730785474247,0.8778520822525024,0.9999701380729675
38,Pancreatic alpha cells,1420,3.1522883443830567,1420,100,0.9455161094665527,1.0816564530803277,0.9118788838386536,0.9999595284461975
37,Exhausted T cells,1452,3.161966616364075,1452,100,0.9284366369247437,1.124573323631943,0.948544979095459,0.9999175071716309
36,Capillary endothelial cells,1454,3.162564406523019,1454,100,0.914571225643158,1.1038806950787465,0.8918264508247375,0.9999849200248718
35,Astrocytes,1503,3.176958980586908,1503,100,0.928469181060791,1.1278442265839148,0.9264196753501892,0.9999692440032959
34,Hematopoietic stem and progenitor cells (HSPCs),1530,3.184691430817599,1530,100,0.9341170787811279,1.1228877076814898,,0.9999483227729797
33,Urothelial (transitional) epithelial cells,1583,3.199480914862356,1583,100,0.9414480328559875,1.050906967643826,,0.9999601244926453
32,Excitatory glutamatergic neurons,1690,3.2278867046136734,1690,100,0.826387345790863,1.1593837247139123,0.9211558699607849,0.9999678730964661
31,Mature red blood cells (erythrocytes),1715,3.2342641243787895,1715,100,0.9286677837371826,1.1214328632278447,0.9396348595619202,0.9999557137489319
30,Venous endothelial cells,1790,3.2528530309798933,1790,100,0.9445339441299438,1.039201457495348,0.9333800673484802,0.9999691843986511
29,Müller glial cells,1814,3.2586372827240764,1814,100,0.9096683859825134,1.157112398773682,0.9648159742355347,0.9999702572822571
28,Prostate luminal epithelial cells,1902,3.279210512601395,1902,100,0.9508481621742249,1.0561924973224355,0.9069621562957764,0.9999715089797974
27,Pancreatic beta cells,1912,3.2814878879400813,1912,100,0.9495786428451538,1.0441407544405648,0.9101972579956055,0.9999034404754639
26,Hepatocytes,2004,3.301897717195208,2004,100,0.887108325958252,1.0996922839189636,0.871361255645752,0.9999181032180786
25,Mucus-secreting goblet cells,2018,3.3049211619008916,2018,100,0.9228385090827942,1.1250383820563772,0.9488305449485779,0.9999738931655884
24,Tip and angiogenic endothelial cells,2075,3.3170181010481117,2075,100,0.9375531077384949,1.1243174795887216,0.9152083396911621,0.9999843239784241
23,Microglia,2207,3.343802333161655,2207,100,0.9278737902641296,1.1094768649805236,0.9384385347366333,0.9999790191650391
22,Radial glial and neural progenitor cells,2699,3.431202884556517,2699,100,0.9195175170898438,1.1210891983083426,0.9490633010864258,0.9999493360519409
21,Merkel cells,2850,3.45484486000851,2850,100,0.9375596046447754,1.083431627451935,0.9342626929283142,0.9999476671218872
20,Antibody-secreting plasma cells,2870,3.4578818967339924,2870,100,0.8916407823562622,1.1435666385134744,0.9579119682312012,0.9999831914901733
19,Vascular endothelial cells,2934,3.4674601095072637,2934,100,0.9182016253471375,1.1211468301750376,0.9307668209075928,0.99998539686203
18,Smooth muscle cells,3337,3.5233562066547925,3337,100,0.7522714138031006,1.1607516400146494,0.930176854133606,0.9999658465385437
17,Actively proliferating cells,3338,3.5234863323432277,3338,100,0.8785009980201721,1.160288514679642,0.9594436883926392,0.9999317526817322
16,Interferon-stimulated cells,3559,3.551327988003846,3559,100,0.9000433683395386,1.1333873802405967,0.9514392018318176,0.9999710917472839
15,Cholangiocytes and bile duct epithelial cells,3578,3.553640336231354,3578,100,0.9193743467330933,1.1334768148362981,,0.9999529719352722
13,Erythroid lineage cells,4326,3.636086515103073,4326,100,0.920075535774231,1.1424577716145856,0.9520648717880249,0.999941885471344
14,CD4+FOXP3+ regulatory T cells (Tregs),4817,3.682776646314434,4817,100,0.9164872169494629,1.1252194881468371,0.9505858421325684,0.9999787211418152
10,Neutrophils,4875,3.687974620034556,4875,100,0.8988745808601379,1.1501071889825227,0.9627202749252319,0.9999681711196899
12,Alveolar type 2 (AT2) pneumocytes,5144,3.7113009599161657,5144,100,0.9168372750282288,1.112769249926083,0.9073927998542786,0.9999608993530273
11,B lymphocytes,5201,3.716086853774832,5201,100,0.9392297267913818,1.102202930690606,0.9346482157707214,0.9999439716339111
7,Circulating monocytes,5523,3.742175043223677,5523,100,0.8832444548606873,1.1502372221987613,0.9616599082946777,0.9999874234199524
9,Natural killer (NK) cells,5643,3.751510050270041,5643,100,0.8951051235198975,1.1449869870579752,0.9651545286178589,0.9999599456787109
3,Fibroblasts and mesenchymal stromal cells,5718,3.75724415102197,5718,100,0.8462300896644592,1.1537918403387124,,0.9999732375144958
4,Actively cycling cells in S/G2/M phase,6145,3.788521887222473,6145,100,0.891230046749115,1.148550241724788,0.9571206569671631,0.999931275844574
5,Tissue-resident macrophages,6191,3.791760804012905,6191,100,0.8902370929718018,1.1476674716185342,0.9634778499603271,0.9999856948852539
1,MHC-II-high antigen-presenting cells,6827,3.8342299028516775,6827,100,0.9010593891143799,1.1394243778425146,0.957508385181427,0.9999738335609436
6,CD4+ helper T lymphocytes,7061,3.8488662114947796,7061,100,0.9025187492370605,1.1313872279526285,0.954173743724823,0.9999446868896484
2,Heat-shock and stress response cells,8283,3.9181876613589255,8283,100,0.8599733710289001,1.1565418897699622,0.9587030410766602,0.999941885471344
0,CD8+ cytotoxic T lymphocytes,8782,3.943593432768369,8782,100,0.8654516935348511,1.1446104079128616,0.9627344012260437,0.9999293684959412
