Index	GEO_Accession	Dataset_Key	Organism	Data_Source	Description	N_Cells	Split
1	GSE103867	GSE103867_geodh	Homo sapiens	GEO-DataHub	Single-cell RNA sequencing dataset from GEO series GSE103867 (Homo sapiens)	2787	Val
2	GSE110686	GSE110686_geodh	Homo sapiens	GEO-DataHub	Single-cell RNA sequencing dataset from GEO series GSE110686 (Homo sapiens)	2992	Train
3	GSE115571	GSE115571_LPSMmDev	Mus musculus	Local h5ad	Single-cell RNA sequencing of mouse cells under lipopolysaccharide (LPS) stimulation	442	Train
4	GSE117988	GSE117988_MCCPBMCCancer	Homo sapiens	Local h5ad	Single-cell RNA sequencing of peripheral blood mononuclear cells (PBMCs) from patients with Merkel cell carcinoma (MCC)	2638	Train
5	GSE117988	GSE117988_MCCTumorCancer	Homo sapiens	Local h5ad	Single-cell RNA sequencing of Merkel cell carcinoma (MCC) tumor tissue	2990	Train
6	GSE120505	GSE120505_bloodAged	Homo sapiens	Local h5ad	Single-cell RNA sequencing of aged blood cells	3000	Train
7	GSE123813	GSE123813_bccHmCancer	Homo sapiens	Local h5ad	Single-cell RNA sequencing of human basal cell carcinoma (BCC) skin tumor samples	3000	Train
8	GSE123813	GSE123813_sccHmCancer	Homo sapiens	Local h5ad	Single-cell RNA sequencing of human cutaneous squamous cell carcinoma (SCC)	3000	Train
9	GSE123902	GSE123902_LungAdreHmCancer	Homo sapiens	Local h5ad	Single-cell RNA sequencing of human lung adenocarcinoma	2753	Train
10	GSE124310	GSE124310_MMHmCancer	Homo sapiens	Local h5ad	Single-cell RNA sequencing of human multiple myeloma (MM) bone marrow samples	2833	Train
11	GSE130148	GSE130148_LungHmDev	Homo sapiens	Local h5ad	Single-cell RNA sequencing of human fetal lung during development	3000	Train
12	GSE132509	GSE132509_acutelymluekPBMCHmCancer	Homo sapiens	Local h5ad	Single-cell RNA sequencing of bone marrow mononuclear cells from human pediatric patients with acute lymphoblastic leukemia (ALL)	2984	Train
13	GSE138709	GSE138709_LiverCancer	Homo sapiens	Local h5ad	Single-cell RNA sequencing of human intrahepatic cholangiocarcinoma (ICC)	2891	Train
14	GSE142653	GSE142653pitHmDev	Homo sapiens	Local h5ad	Single-cell RNA sequencing of human pituitary gland during development	2885	Train
15	GSE143423	GSE143423_lbm_CancerBrainHm	Homo sapiens	Local h5ad	Single-cell RNA sequencing of human leptomeningeal brain metastasis	3000	Train
16	GSE143423	GSE143423_tnbc_CancerBrainHm	Homo sapiens	Local h5ad	Single-cell RNA sequencing of brain metastases originating from human triple-negative breast cancer (TNBC)	2332	Train
17	GSE145929	GSE145929_ProgastinMmDev	Mus musculus	Local h5ad	Single-cell RNA sequencing of adult mouse prostate tissue	2830	Train
18	GSE145929	GSE145929_UrineMmDev	Mus musculus	Local h5ad	Single-cell RNA sequencing of adult mouse urethra	2745	Train
19	GSE148218	GSE148218_bmALLHmCancer	Homo sapiens	Local h5ad	Single-cell RNA sequencing of human bone marrow samples from patients with acute lymphoblastic leukemia (ALL)	2807	Train
20	GSE149655	GSE149655_CAHmCancer	Homo sapiens	Local h5ad	Single-cell RNA sequencing of human early-stage lung adenocarcinoma with activating somatic KRAS mutations	2087	Train
21	GSE155109	GSE155109_bcECHmCancer	Homo sapiens	Local h5ad	Single-cell RNA sequencing of endothelial cells isolated from human breast cancer tumors	3000	Train
22	GSE155109	GSE155109_bcStromaHmCancer	Homo sapiens	Local h5ad	Single-cell RNA sequencing of stromal cells from human breast cancer tissue	3000	Train
23	GSE163558	GSE163558_stomachHmCancer	Homo sapiens	Local h5ad	Single-cell RNA sequencing of human stomach cancer	2467	Train
24	GSE165784	GSE165784_RetinaHmDev	Homo sapiens	Local h5ad	Single-cell RNA sequencing of human retina during development	2622	Train
25	GSE165844	GSE165844_LSKMmBatch	Mus musculus	Local h5ad	Single-cell RNA sequencing of mouse Lin-Sca-1+c-Kit+ (LSK) hematopoietic stem and progenitor cells	2881	Train
26	GSE167597	GSE167597_spineMm	Mus musculus	Local h5ad	Single-cell RNA sequencing of mouse spinal cord during development	3000	Val
27	GSE168181	GSE168181_BreastHmCancer	Homo sapiens	Local h5ad	Single-cell RNA sequencing of human breast cancer tissue	2863	Train
28	GSE175975	GSE175975_geodh	Homo sapiens	GEO-DataHub	Single-cell RNA sequencing dataset from GEO series GSE175975 (Homo sapiens)	2728	Train
29	GSE183904	GSE183904_GastricHmCancer	Homo sapiens	Local h5ad	Single-cell RNA sequencing of human gastric cancer (stomach adenocarcinoma)	3000	Val
30	GSE189070	GSE189070_astrocytesSCIMmDev	Mus musculus	Local h5ad	Single-cell RNA sequencing of mouse astrocytes following spinal cord injury (SCI)	2960	Train
31	GSE189357	GSE189357_lungAdreHmCancer	Homo sapiens	Local h5ad	Single-cell RNA sequencing of human lung adenocarcinoma	2886	Train
32	GSE192857	GSE192857_hESCHmTimes	Homo sapiens	Local h5ad	Single-cell RNA sequencing time-series of human embryonic stem cell (hESC) differentiation	2696	Train
33	GSE212502	GSE212502_scRNA25100	Homo sapiens	10x h5 (scRNA-25100)	Single-cell RNA sequencing of day-56 human forebrain organoids derived from control and Werner/Williams syndrome iPSCs	3000	Train
34	GSE213740	GSE213740_ADHm	Homo sapiens	Local h5ad	Single-cell RNA sequencing of human ascending aortic wall tissue from patients with sporadic type A aortic dissection	2704	Val
35	GSE220913	GSE220913_scRNA25100	Homo sapiens	10x h5 (scRNA-25100)	Single-cell RNA sequencing of human HL-60 cell lines (wild-type and F508del-CFTR cystic fibrosis mutant) and their DMSO-differentiated neutrophils	2972	Train
36	GSE222002	GSE222002_TcellsHmCancer	Homo sapiens	Local h5ad	Single-cell RNA sequencing of T cells isolated from human cancer samples	2962	Train
37	GSE222369	GSE222369_NKsLymphomaHmCancer	Homo sapiens	Local h5ad	Single-cell RNA sequencing of natural killer (NK) cells from human lymphoma patients	2778	Train
38	GSE225600	GSE225600_breast_CancerHm	Homo sapiens	Local h5ad	Single-cell RNA sequencing of human breast cancer tumor tissue	2333	Train
39	GSE225857	GSE225857_liverColonMetasisHmCancer	Homo sapiens	Local h5ad	Single-cell RNA sequencing of human colorectal cancer liver metastases	2986	Train
40	GSE226131	GSE226131_HSCMmAged	Mus musculus	Local h5ad	Single-cell RNA sequencing of aged mouse hematopoietic stem cells (HSCs)	2608	Train
41	GSE226762	GSE226762_geodh	Homo sapiens	GEO-DataHub	Single-cell RNA sequencing dataset from GEO series GSE226762 (Homo sapiens)	830	Val
42	GSE227644	GSE227644_geodh	Homo sapiens	GEO-DataHub	Single-cell RNA sequencing dataset from GEO series GSE227644 (Homo sapiens)	3000	Train
43	GSE227719	GSE227719_scRNA25100	Mus musculus	10x h5 (scRNA-25100)	Single-cell RNA sequencing of mouse lung tumor organoids derived from KrasG12D/P53-flox alveolar type 2 (AT2) cells	2990	Train
44	GSE228499	GSE228499_breastHmCancer	Homo sapiens	Local h5ad	Single-cell RNA sequencing of human breast cancer	2448	Train
45	GSE235787	GSE235787_bcellsALLHmCancer	Homo sapiens	Local h5ad	Single-cell RNA sequencing of B cells from human patients with acute lymphoblastic leukemia (B-ALL)	2798	Train
46	GSE236565	GSE236565_scRNA25100	Mus musculus	10x h5 (scRNA-25100)	Single-cell RNA sequencing of mouse splenic CD4+ T cells stimulated with anti-CD3/CD28 with and without retinoic acid treatment	2556	Train
47	GSE248214	GSE248214_geodh	Homo sapiens	GEO-DataHub	Single-cell RNA sequencing dataset from GEO series GSE248214 (Homo sapiens)	2998	Train
48	GSE253355	GSE253355_bmNicheHm	Homo sapiens	Local h5ad	Single-cell RNA sequencing of the human bone marrow niche	2835	Train
49	GSE262288	GSE262288_breastMetasisHmCancer	Homo sapiens	Local h5ad	Single-cell RNA sequencing of metastatic breast cancer in human patients	2321	Train
50	GSE272187	GSE272187_geodh	Homo sapiens	GEO-DataHub	Single-cell RNA sequencing dataset from GEO series GSE272187 (Homo sapiens)	2639	Train
51	GSE275119	GSE275119_TeethMmDev	Mus musculus	Local h5ad	Single-cell RNA sequencing of mouse dental tissue during tooth development	2963	Train
52	GSE277740	GSE277740_scRNA25100	Mus musculus	10x h5 (scRNA-25100)	Single-cell RNA sequencing of mouse thalamus brain tissue comparing Illumina SBS and DNBSEQ sequencing platforms	2644	Val
53	GSE279781	GSE279781_geodh	Homo sapiens	GEO-DataHub	Single-cell RNA sequencing dataset from GEO series GSE279781 (Homo sapiens)	2654	Train
54	GSE280847	GSE280847_scRNA25100	Mus musculus	10x h5 (scRNA-25100)	Single-cell RNA sequencing of CD45+ tumor-infiltrating leukocytes from mouse MC38 colon tumors	2864	Train
55	GSE283205	GSE283205_hepatoblastomaCancer	Homo sapiens	Local h5ad	Single-cell RNA sequencing of hepatoblastoma tumor tissue	2994	Train
56	GSE283397	GSE283397_scRNA25100	Homo sapiens	10x h5 (scRNA-25100)	Single-cell RNA sequencing of human peripheral blood CD8+ T cells from patients with chronic lymphocytic leukemia (CLL) treated with ibrutinib and pembrolizumab	2856	Train
57	GSE288211	GSE288211_scRNA25100	Mus musculus	10x h5 (scRNA-25100)	Single-cell RNA sequencing of mouse pancreatic islets from beta-cell specific Zzef1 knockout models after high-fat diet feeding	2724	Train
58	GSE289611	GSE289611_scRNA25100	Homo sapiens	10x h5 (scRNA-25100)	Single-cell RNA sequencing of human pulmonary pleomorphic carcinoma (PPC), a rare aggressive subtype of non-small cell lung cancer	2983	Train
59	GSE291166	GSE291166_scRNA25100	Mus musculus	10x h5 (scRNA-25100)	Single-cell RNA sequencing of mouse mesenteric lymph node cells investigating maternal antibody interference with rotavirus vaccination	2901	Train
60	GSE299623	GSE299623_geodh	Homo sapiens	GEO-DataHub	Single-cell RNA sequencing dataset from GEO series GSE299623 (Homo sapiens)	2991	Train
61	GSE300862	GSE300862_scRNA25100	Mus musculus	10x h5 (scRNA-25100)	Single-cell RNA sequencing of mouse Kras/Trp53-driven lung adenocarcinoma tumors	2716	Val
62	GSE302433	GSE302433_scRNA25100	Mus musculus	10x h5 (scRNA-25100)	Single-cell RNA sequencing of mouse B16F10 melanoma tumors investigating the role of ZDHHC13 palmitoyl transferase	2953	Val
63	GSE303309	GSE303309_scRNA25100	Mus musculus	10x h5 (scRNA-25100)	Single-cell RNA sequencing of brain-infiltrating CD45+ immune cells from App-NL-G-F Alzheimer's disease mouse model	2999	Train
64	GSE306567	GSE306567_scRNA25100	Mus musculus	10x h5 (scRNA-25100)	Single-cell RNA sequencing of mouse embryonic stem cells (mESCs) and anterior neural progenitor cells	2454	Train
65	GSE306676	GSE306676_scRNA25100	Mus musculus	10x h5 (scRNA-25100)	Single-cell RNA sequencing of mouse spinal cord nuclei from SOD1-G93A amyotrophic lateral sclerosis (ALS) model	2959	Train
66	GSE307261	GSE307261_scRNA25100	Homo sapiens	10x h5 (scRNA-25100)	Single-cell RNA sequencing of human peripheral blood B cells and T cells from melanoma patients undergoing checkpoint immunotherapy	2921	Train
67	GSE307774	GSE307774_scRNA25100	Mus musculus	10x h5 (scRNA-25100)	Single-cell RNA sequencing of mouse colorectal cancer tumors driven by oncogenic Kras/Braf MAPK signaling	2505	Train
68	GSE308428	GSE308428_scRNA25100	Mus musculus	10x h5 (scRNA-25100)	Single-cell RNA sequencing of mouse hippocampal microglia from an autism spectrum disorder (ASD) model	2991	Train
69	GSE309368	GSE309368_scRNA25100	Homo sapiens	10x h5 (scRNA-25100)	Single-cell RNA sequencing of human myeloid cells from peripheral blood of healthy donors and oral cavity squamous cell carcinoma patients	1361	Train
70	GSE315628	GSE315628_geodh	Mus musculus	GEO-DataHub	Single-cell RNA sequencing dataset from GEO series GSE315628 (Mus musculus)	2895	Train
71	GSE318353	GSE318353_geodh	Homo sapiens	GEO-DataHub	Single-cell RNA sequencing dataset from GEO series GSE318353 (Homo sapiens)	2964	Train
72	GSE98638	GSE98638_TcellLiverHmCancer	Homo sapiens	Local h5ad	Single-cell RNA sequencing of T cells from human hepatocellular carcinoma (liver cancer)	3000	Train
73	GSE120446	bm_GSE120446	Homo sapiens	Local h5ad	Single-cell RNA sequencing of bone marrow during hematopoietic development	2890	Train
74	GSE104323	dentate	Mus musculus	Local h5ad	Single-cell RNA sequencing of the dentate gyrus in the hippocampus during brain development	3000	Train
75	GSE75748	endo	Homo sapiens	Local h5ad	Single-cell RNA sequencing of endoderm differentiation	2531	Train
76	GSE144024	hESC_GSE144024	Homo sapiens	Local h5ad	Single-cell RNA sequencing of human embryonic stem cells (hESCs)	3000	Train
77	GSE72857	hemato	Mus musculus	Local h5ad	Single-cell RNA sequencing of hematopoiesis	3000	Train
78	GSE226824	ifnHSPC_GSE226824	Homo sapiens	Local h5ad	Single-cell RNA sequencing of interferon-treated hematopoietic stem and progenitor cells (HSPCs)	2739	Train
79	GSE141259	lung	Mus musculus	Local h5ad	Single-cell RNA sequencing of lung development	3000	Train
80	GSE139369	setty	Homo sapiens	Local h5ad	Single-cell RNA sequencing of human hematopoiesis from the Setty et al. study	2995	Train
